<?xml version="1.0" encoding="utf-8"?>
<!--/452580/506064/2.50/12/2/Connector/-->
<quadcept_library>
  <setting unit="mil" />
  <textstyle name="Default" height="47.244094488189" strokewidth="7.8740157480315" charwidth="47.244094488189" />
  <textstyle name="Dimension" height="19.6850393700787" strokewidth="0" charwidth="19.6850393700787" />
  <textstyle name="H127W0635TH00762" height="50" strokewidth="3" charwidth="25" />
  <textstyle name="H15W15TH02" height="59.0551181102362" strokewidth="7.8740157480315" charwidth="59.0551181102362" />
  <padstyle name="c260_h170" surface="False" plated="True" isvia="False" nopaste="True" nomask="True" complex="False" holesize="66.929133858267">
    <padshape layer="TOP" shape="round" width="102.36220472441" height="102.36220472441" />
    <padshape layer="TOP_SOLDER_MASK" shape="round" width="110.23622047244" height="110.23622047244" />
    <padshape layer="INNER" shape="round" width="102.36220472441" height="102.36220472441" />
    <padshape layer="BOTTOM" shape="round" width="102.36220472441" height="102.36220472441" />
    <padshape layer="BOTTOM_SOLDER_MASK" shape="round" width="110.23622047244" height="110.23622047244" />
  </padstyle>
  <footprint name="1932591" originx="0" originy="0" pickpointx="0" pickpointy="0">
    <pcbpin number="1" name="1" style="c260_h170" originx="220.47244094488" originy="-614.17322834645" rotation="90" />
    <pcbpin number="2" name="2" style="c260_h170" originx="370.07874015748" originy="-614.17322834645" rotation="90" />
    <pcbpin number="3" name="3" style="c260_h170" originx="220.47244094488" originy="-122.04724409449" rotation="90" />
    <pcbpin number="4" name="4" style="c260_h170" originx="370.07874015748" originy="-122.04724409449" rotation="90" />
    <pcbpin number="5" name="5" style="c260_h170" originx="811.02362204723" originy="-614.17322834645" rotation="90" />
    <pcbpin number="6" name="6" style="c260_h170" originx="960.62992125983" originy="-614.17322834645" rotation="90" />
    <pcbpin number="7" name="7" style="c260_h170" originx="811.02362204723" originy="-122.04724409449" rotation="90" />
    <pcbpin number="8" name="8" style="c260_h170" originx="960.62992125983" originy="-122.04724409449" rotation="90" />
    <pcbpin number="9" name="9" style="c260_h170" originx="1401.5748031496" originy="-614.17322834645" rotation="90" />
    <pcbpin number="10" name="10" style="c260_h170" originx="1551.1811023622" originy="-614.17322834645" rotation="90" />
    <pcbpin number="11" name="11" style="c260_h170" originx="1401.5748031496" originy="-122.04724409449" rotation="90" />
    <pcbpin number="12" name="12" style="c260_h170" originx="1551.1811023622" originy="-122.04724409449" rotation="90" />
    <line layer="TOP_ASSEMBLY" originx="0" originy="0" endx="1771.6535433071" endy="0" width="7.8740157480314" />
    <line layer="TOP_ASSEMBLY" originx="1771.6535433071" originy="0" endx="1771.6535433071" endy="-1220.4724409449" width="7.8740157480314" />
    <line layer="TOP_ASSEMBLY" originx="1771.6535433071" originy="-1220.4724409449" endx="0" endy="-1220.4724409449" width="7.8740157480314" />
    <line layer="TOP_ASSEMBLY" originx="0" originy="-1220.4724409449" endx="0" endy="0" width="7.8740157480314" />
    <line layer="TOP_SILKSCREEN" originx="0" originy="-1220.4724409449" endx="0" endy="0" width="7.8740157480314" />
    <line layer="TOP_SILKSCREEN" originx="0" originy="0" endx="1771.6535433071" endy="0" width="7.8740157480314" />
    <line layer="TOP_SILKSCREEN" originx="1771.6535433071" originy="0" endx="1771.6535433071" endy="-1220.4724409449" width="7.8740157480314" />
    <line layer="TOP_SILKSCREEN" originx="1771.6535433071" originy="-1220.4724409449" endx="0" endy="-1220.4724409449" width="7.8740157480314" />
    <arc layer="TOP_SILKSCREEN" originx="-69.763779527558" originy="-616.3779527559" startangle="180" sweepangle="180" radius="6.7976377952755" width="7.8740157480314" />
    <arc layer="TOP_SILKSCREEN" originx="-69.763779527558" originy="-616.3779527559" startangle="180" sweepangle="-180" radius="6.7976377952755" width="7.8740157480314" />
  </footprint>
  <symbol name="1932591" originx="0" originy="0">
    <line originx="200" originy="100" endx="800" endy="100" width="0" />
    <line originx="800" originy="-600" endx="800" endy="100" width="0" />
    <line originx="800" originy="-600" endx="200" endy="-600" width="0" />
    <line originx="200" originy="100" endx="200" endy="-600" width="0" />
    <sympin number="1" originx="200" originy="0" rotation="180" length="100" width="7.8740157480315" flipped="False">
      <text name="pinname" originx="230" originy="0" style="Default" rotation="0" justify="left" flipped="False" hidden="False" data="1.1" />
      <text name="pindes" originx="140" originy="20" style="Default" rotation="0" justify="lowerright" flipped="False" hidden="False" data="1" />
    </sympin>
    <sympin number="2" originx="200" originy="-100" rotation="180" length="100" width="7.8740157480315" flipped="False">
      <text name="pinname" originx="230" originy="-100" style="Default" rotation="0" justify="left" flipped="False" hidden="False" data="1.2" />
      <text name="pindes" originx="140" originy="-80" style="Default" rotation="0" justify="lowerright" flipped="False" hidden="False" data="2" />
    </sympin>
    <sympin number="3" originx="800" originy="0" rotation="0" length="100" width="7.8740157480315" flipped="False">
      <text name="pinname" originx="770" originy="0" style="Default" rotation="0" justify="right" flipped="False" hidden="False" data="1.3" />
      <text name="pindes" originx="860" originy="20" style="Default" rotation="0" justify="lowerleft" flipped="False" hidden="False" data="3" />
    </sympin>
    <sympin number="4" originx="800" originy="-100" rotation="0" length="100" width="7.8740157480315" flipped="False">
      <text name="pinname" originx="770" originy="-100" style="Default" rotation="0" justify="right" flipped="False" hidden="False" data="1.4" />
      <text name="pindes" originx="860" originy="-80" style="Default" rotation="0" justify="lowerleft" flipped="False" hidden="False" data="4" />
    </sympin>
    <sympin number="5" originx="200" originy="-200" rotation="180" length="100" width="7.8740157480315" flipped="False">
      <text name="pinname" originx="230" originy="-200" style="Default" rotation="0" justify="left" flipped="False" hidden="False" data="2.1" />
      <text name="pindes" originx="140" originy="-180" style="Default" rotation="0" justify="lowerright" flipped="False" hidden="False" data="5" />
    </sympin>
    <sympin number="6" originx="200" originy="-300" rotation="180" length="100" width="7.8740157480315" flipped="False">
      <text name="pinname" originx="230" originy="-300" style="Default" rotation="0" justify="left" flipped="False" hidden="False" data="2.2" />
      <text name="pindes" originx="140" originy="-280" style="Default" rotation="0" justify="lowerright" flipped="False" hidden="False" data="6" />
    </sympin>
    <sympin number="7" originx="800" originy="-200" rotation="0" length="100" width="7.8740157480315" flipped="False">
      <text name="pinname" originx="770" originy="-200" style="Default" rotation="0" justify="right" flipped="False" hidden="False" data="2.3" />
      <text name="pindes" originx="860" originy="-180" style="Default" rotation="0" justify="lowerleft" flipped="False" hidden="False" data="7" />
    </sympin>
    <sympin number="8" originx="800" originy="-300" rotation="0" length="100" width="7.8740157480315" flipped="False">
      <text name="pinname" originx="770" originy="-300" style="Default" rotation="0" justify="right" flipped="False" hidden="False" data="2.4" />
      <text name="pindes" originx="860" originy="-280" style="Default" rotation="0" justify="lowerleft" flipped="False" hidden="False" data="8" />
    </sympin>
    <sympin number="9" originx="200" originy="-400" rotation="180" length="100" width="7.8740157480315" flipped="False">
      <text name="pinname" originx="230" originy="-400" style="Default" rotation="0" justify="left" flipped="False" hidden="False" data="3.1" />
      <text name="pindes" originx="140" originy="-380" style="Default" rotation="0" justify="lowerright" flipped="False" hidden="False" data="9" />
    </sympin>
    <sympin number="10" originx="200" originy="-500" rotation="180" length="100" width="7.8740157480315" flipped="False">
      <text name="pinname" originx="230" originy="-500" style="Default" rotation="0" justify="left" flipped="False" hidden="False" data="3.2" />
      <text name="pindes" originx="140" originy="-480" style="Default" rotation="0" justify="lowerright" flipped="False" hidden="False" data="10" />
    </sympin>
    <sympin number="11" originx="800" originy="-400" rotation="0" length="100" width="7.8740157480315" flipped="False">
      <text name="pinname" originx="770" originy="-400" style="Default" rotation="0" justify="right" flipped="False" hidden="False" data="3.3" />
      <text name="pindes" originx="860" originy="-380" style="Default" rotation="0" justify="lowerleft" flipped="False" hidden="False" data="11" />
    </sympin>
    <sympin number="12" originx="800" originy="-500" rotation="0" length="100" width="7.8740157480315" flipped="False">
      <text name="pinname" originx="770" originy="-500" style="Default" rotation="0" justify="right" flipped="False" hidden="False" data="3.4" />
      <text name="pindes" originx="860" originy="-480" style="Default" rotation="0" justify="lowerleft" flipped="False" hidden="False" data="12" />
    </sympin>
  </symbol>
  <component name="1932591" designatorprefix="J" height="0" footprint="1932591">
    <comppin designator="1" sympin="1" pinswap="0" gateswap="0" gate="1" group="1" side="" type="Any" name="1.1" />
    <comppin designator="2" sympin="2" pinswap="0" gateswap="0" gate="1" group="1" side="" type="Any" name="1.2" />
    <comppin designator="3" sympin="3" pinswap="0" gateswap="0" gate="1" group="1" side="" type="Any" name="1.3" />
    <comppin designator="4" sympin="4" pinswap="0" gateswap="0" gate="1" group="1" side="" type="Any" name="1.4" />
    <comppin designator="5" sympin="5" pinswap="0" gateswap="0" gate="1" group="1" side="" type="Any" name="2.1" />
    <comppin designator="6" sympin="6" pinswap="0" gateswap="0" gate="1" group="1" side="" type="Any" name="2.2" />
    <comppin designator="7" sympin="7" pinswap="0" gateswap="0" gate="1" group="1" side="" type="Any" name="2.3" />
    <comppin designator="8" sympin="8" pinswap="0" gateswap="0" gate="1" group="1" side="" type="Any" name="2.4" />
    <comppin designator="9" sympin="9" pinswap="0" gateswap="0" gate="1" group="1" side="" type="Any" name="3.1" />
    <comppin designator="10" sympin="10" pinswap="0" gateswap="0" gate="1" group="1" side="" type="Any" name="3.2" />
    <comppin designator="11" sympin="11" pinswap="0" gateswap="0" gate="1" group="1" side="" type="Any" name="3.3" />
    <comppin designator="12" sympin="12" pinswap="0" gateswap="0" gate="1" group="1" side="" type="Any" name="3.4" />
    <attached_symbol gate="1" name="1932591" />
    <pinmap designator="1" footprintpin="1" />
    <pinmap designator="2" footprintpin="2" />
    <pinmap designator="3" footprintpin="3" />
    <pinmap designator="4" footprintpin="4" />
    <pinmap designator="5" footprintpin="5" />
    <pinmap designator="6" footprintpin="6" />
    <pinmap designator="7" footprintpin="7" />
    <pinmap designator="8" footprintpin="8" />
    <pinmap designator="9" footprintpin="9" />
    <pinmap designator="10" footprintpin="10" />
    <pinmap designator="11" footprintpin="11" />
    <pinmap designator="12" footprintpin="12" />
    <text name="Datasheet" originx="0" originy="0" style="Default" rotation="0" justify="" flipped="False" hidden="True" data="https://datasheet.datasheetarchive.com/originals/distributors/Datasheets-DGA18/1075953.pdf" />
    <text name="Description" originx="0" originy="0" style="Default" rotation="0" justify="" flipped="False" hidden="True" data="3 way PCB screw terminal,125A 15mm pitch" />
    <text name="Manufacturer_Name" originx="0" originy="0" style="Default" rotation="0" justify="" flipped="False" hidden="True" data="Phoenix Contact" />
    <text name="Manufacturer_Part_Number" originx="850" originy="200" style="Default" rotation="0" justify="left" flipped="False" hidden="False" data="1932591" />
    <text name="Mouser Part Number" originx="0" originy="0" style="Default" rotation="0" justify="" flipped="False" hidden="True" data="651-1932591" />
    <text name="Mouser Price/Stock" originx="0" originy="0" style="Default" rotation="0" justify="" flipped="False" hidden="True" data="https://www.mouser.co.uk/ProductDetail/Phoenix-Contact/1932591?qs=XyR8odSBc%252Bd8y8FLAurjfg%3D%3D" />
    <text name="Arrow Part Number" originx="0" originy="0" style="Default" rotation="0" justify="" flipped="False" hidden="True" data="1932591" />
    <text name="Arrow Price/Stock" originx="0" originy="0" style="Default" rotation="0" justify="" flipped="False" hidden="True" data="https://www.arrow.com/en/products/1932591/phoenix-contact?region=nac" />
  </component>
</quadcept_library>
