<?xml version="1.0" encoding="utf-8"?>
<!--/464226/1029406/2.50/2/3/Connector/-->
<quadcept_library>
  <setting unit="mil" />
  <textstyle name="Default" height="47.244094488189" strokewidth="7.8740157480315" charwidth="47.244094488189" />
  <textstyle name="Dimension" height="19.6850393700787" strokewidth="0" charwidth="19.6850393700787" />
  <textstyle name="H127W0635TH00762" height="50" strokewidth="3" charwidth="25" />
  <textstyle name="H15W15TH02" height="59.0551181102362" strokewidth="7.8740157480315" charwidth="59.0551181102362" />
  <padstyle name="c240_h160" surface="False" plated="True" isvia="False" nopaste="True" nomask="True" complex="False" holesize="62.992125984251">
    <padshape layer="TOP" shape="round" width="94.488188976377" height="94.488188976377" />
    <padshape layer="TOP_SOLDER_MASK" shape="round" width="102.36220472441" height="102.36220472441" />
    <padshape layer="INNER" shape="round" width="94.488188976377" height="94.488188976377" />
    <padshape layer="BOTTOM" shape="round" width="94.488188976377" height="94.488188976377" />
    <padshape layer="BOTTOM_SOLDER_MASK" shape="round" width="102.36220472441" height="102.36220472441" />
  </padstyle>
  <padstyle name="s240_h160" surface="False" plated="True" isvia="False" nopaste="True" nomask="True" complex="False" holesize="62.992125984251">
    <padshape layer="TOP" shape="square" width="94.488188976377" height="94.488188976377" />
    <padshape layer="TOP_SOLDER_MASK" shape="square" width="102.36220472441" height="102.36220472441" />
    <padshape layer="INNER" shape="round" width="94.488188976377" height="94.488188976377" />
    <padshape layer="BOTTOM" shape="square" width="94.488188976377" height="94.488188976377" />
    <padshape layer="BOTTOM_SOLDER_MASK" shape="square" width="102.36220472441" height="102.36220472441" />
  </padstyle>
  <footprint name="SHDRRA2W100P0X508_1X2_1016X1200X850P" originx="0" originy="0" pickpointx="0" pickpointy="0">
    <pcbpin number="1" name="1" style="s240_h160" originx="0" originy="0" rotation="90" />
    <pcbpin number="2" name="2" style="c240_h160" originx="200" originy="0" rotation="90" />
    <line layer="TOP_PLACE_BOUND" originx="-109.84251968504" originy="-88.582677165353" endx="309.84251968504" endy="-88.582677165353" width="1.9685039370079" />
    <line layer="TOP_PLACE_BOUND" originx="309.84251968504" originy="-88.582677165353" endx="309.84251968504" endy="403.54330708661" width="1.9685039370079" />
    <line layer="TOP_PLACE_BOUND" originx="309.84251968504" originy="403.54330708661" endx="-109.84251968504" endy="403.54330708661" width="1.9685039370079" />
    <line layer="TOP_PLACE_BOUND" originx="-109.84251968504" originy="403.54330708661" endx="-109.84251968504" endy="-88.582677165353" width="1.9685039370079" />
    <line layer="TOP_ASSEMBLY" originx="-99.999999999999" originy="-78.740157480314" endx="-99.999999999999" endy="393.70078740157" width="3.9370078740157" />
    <line layer="TOP_ASSEMBLY" originx="-99.999999999999" originy="393.70078740157" endx="300" endy="393.70078740157" width="3.9370078740157" />
    <line layer="TOP_ASSEMBLY" originx="300" originy="393.70078740157" endx="300" endy="-78.740157480314" width="3.9370078740157" />
    <line layer="TOP_ASSEMBLY" originx="300" originy="-78.740157480314" endx="-99.999999999999" endy="-78.740157480314" width="3.9370078740157" />
    <line layer="TOP_SILKSCREEN" originx="-99.999999999999" originy="0" endx="-99.999999999999" endy="393.70078740157" width="7.8740157480314" />
    <line layer="TOP_SILKSCREEN" originx="-99.999999999999" originy="393.70078740157" endx="300" endy="393.70078740157" width="7.8740157480314" />
    <line layer="TOP_SILKSCREEN" originx="300" originy="393.70078740157" endx="300" endy="-78.740157480314" width="7.8740157480314" />
  </footprint>
  <symbol name="691312510002" originx="0" originy="0">
    <line originx="200" originy="100" endx="600" endy="100" width="0" />
    <line originx="600" originy="-200" endx="600" endy="100" width="0" />
    <line originx="600" originy="-200" endx="200" endy="-200" width="0" />
    <line originx="200" originy="100" endx="200" endy="-200" width="0" />
    <sympin number="1" originx="200" originy="0" rotation="180" length="100" width="7.8740157480315" flipped="False">
      <text name="pinname" originx="230" originy="0" style="Default" rotation="0" justify="left" flipped="False" hidden="False" data="1" />
      <text name="pindes" originx="140" originy="20" style="Default" rotation="0" justify="lowerright" flipped="False" hidden="False" data="1" />
    </sympin>
    <sympin number="2" originx="200" originy="-100" rotation="180" length="100" width="7.8740157480315" flipped="False">
      <text name="pinname" originx="230" originy="-100" style="Default" rotation="0" justify="left" flipped="False" hidden="False" data="2" />
      <text name="pindes" originx="140" originy="-80" style="Default" rotation="0" justify="lowerright" flipped="False" hidden="False" data="2" />
    </sympin>
  </symbol>
  <component name="691312510002" designatorprefix="J" height="334.64566929133" footprint="SHDRRA2W100P0X508_1X2_1016X1200X850P">
    <comppin designator="1" sympin="1" pinswap="0" gateswap="0" gate="1" group="1" side="" type="Any" name="1" />
    <comppin designator="2" sympin="2" pinswap="0" gateswap="0" gate="1" group="1" side="" type="Any" name="2" />
    <attached_symbol gate="1" name="691312510002" />
    <pinmap designator="1" footprintpin="1" />
    <pinmap designator="2" footprintpin="2" />
    <text name="Datasheet" originx="0" originy="0" style="Default" rotation="0" justify="" flipped="False" hidden="True" data="https://componentsearchengine.com/Datasheets/1/691312510002.pdf" />
    <text name="Description" originx="0" originy="0" style="Default" rotation="0" justify="" flipped="False" hidden="True" data="WR-TBL Terminal block - serie 312" />
    <text name="Manufacturer_Name" originx="0" originy="0" style="Default" rotation="0" justify="" flipped="False" hidden="True" data="Wurth Elektronik" />
    <text name="Manufacturer_Part_Number" originx="650" originy="200" style="Default" rotation="0" justify="left" flipped="False" hidden="False" data="691312510002" />
    <text name="Mouser Part Number" originx="0" originy="0" style="Default" rotation="0" justify="" flipped="False" hidden="True" data="710-691312510002" />
    <text name="Mouser Price/Stock" originx="0" originy="0" style="Default" rotation="0" justify="" flipped="False" hidden="True" data="https://www.mouser.co.uk/ProductDetail/Wurth-Elektronik/691312510002?qs=E2PpAYvlWVuZs2XrZ%252BZ1fg%3D%3D" />
    <text name="Arrow Part Number" originx="0" originy="0" style="Default" rotation="0" justify="" flipped="False" hidden="True" data="" />
    <text name="Arrow Price/Stock" originx="0" originy="0" style="Default" rotation="0" justify="" flipped="False" hidden="True" data="" />
  </component>
</quadcept_library>
