<?xml version="1.0" encoding="utf-8"?>
<!--/17441361/1029406/2.50/8/3/Integrated Circuit/-->
<quadcept_library>
  <setting unit="mil" />
  <textstyle name="Default" height="47.244094488189" strokewidth="7.8740157480315" charwidth="47.244094488189" />
  <textstyle name="Dimension" height="19.6850393700787" strokewidth="0" charwidth="19.6850393700787" />
  <textstyle name="H127W0635TH00762" height="50" strokewidth="3" charwidth="25" />
  <textstyle name="H15W15TH02" height="59.0551181102362" strokewidth="7.8740157480315" charwidth="59.0551181102362" />
  <padstyle name="r185_65" surface="True" plated="False" isvia="False" nopaste="False" nomask="True" complex="False" holesize="0">
    <padshape layer="TOP" shape="rectangle" width="25.590551181102" height="72.83464566929" />
    <padshape layer="TOP_SOLDER_MASK" shape="rectangle" width="33.464566929133" height="80.708661417322" />
    <padshape layer="TOP_SOLDER_PASTE" shape="rectangle" width="25.590551181102" height="72.83464566929" />
  </padstyle>
  <footprint name="SOIC127P1725X403-8N" originx="0" originy="0" pickpointx="0" pickpointy="0">
    <pcbpin number="1" name="1" style="r185_65" originx="-320.86614173228" originy="74.999999999999" rotation="90" />
    <pcbpin number="2" name="2" style="r185_65" originx="-320.86614173228" originy="25" rotation="90" />
    <pcbpin number="3" name="3" style="r185_65" originx="-320.86614173228" originy="-25" rotation="90" />
    <pcbpin number="4" name="4" style="r185_65" originx="-320.86614173228" originy="-74.999999999999" rotation="90" />
    <pcbpin number="5" name="5" style="r185_65" originx="320.86614173228" originy="-74.999999999999" rotation="90" />
    <pcbpin number="6" name="6" style="r185_65" originx="320.86614173228" originy="-25" rotation="90" />
    <pcbpin number="7" name="7" style="r185_65" originx="320.86614173228" originy="25" rotation="90" />
    <pcbpin number="8" name="8" style="r185_65" originx="320.86614173228" originy="74.999999999999" rotation="90" />
    <line layer="TOP_PLACE_BOUND" originx="-367.12598425196" originy="137.79527559055" endx="367.12598425196" endy="137.79527559055" width="1.9685039370079" />
    <line layer="TOP_PLACE_BOUND" originx="367.12598425196" originy="137.79527559055" endx="367.12598425196" endy="-137.79527559055" width="1.9685039370079" />
    <line layer="TOP_PLACE_BOUND" originx="367.12598425196" originy="-137.79527559055" endx="-367.12598425196" endy="-137.79527559055" width="1.9685039370079" />
    <line layer="TOP_PLACE_BOUND" originx="-367.12598425196" originy="-137.79527559055" endx="-367.12598425196" endy="137.79527559055" width="1.9685039370079" />
    <line layer="TOP_ASSEMBLY" originx="-275.5905511811" originy="125.9842519685" endx="275.5905511811" endy="125.9842519685" width="3.9370078740157" />
    <line layer="TOP_ASSEMBLY" originx="275.5905511811" originy="125.9842519685" endx="275.5905511811" endy="-125.9842519685" width="3.9370078740157" />
    <line layer="TOP_ASSEMBLY" originx="275.5905511811" originy="-125.9842519685" endx="-275.5905511811" endy="-125.9842519685" width="3.9370078740157" />
    <line layer="TOP_ASSEMBLY" originx="-275.5905511811" originy="-125.9842519685" endx="-275.5905511811" endy="125.9842519685" width="3.9370078740157" />
    <line layer="TOP_ASSEMBLY" originx="-275.5905511811" originy="75.984251968503" endx="-225.5905511811" endy="125.9842519685" width="3.9370078740157" />
    <line layer="TOP_SILKSCREEN" originx="-270.66929133858" originy="125.9842519685" endx="270.66929133858" endy="125.9842519685" width="7.8740157480314" />
    <line layer="TOP_SILKSCREEN" originx="270.66929133858" originy="125.9842519685" endx="270.66929133858" endy="-125.9842519685" width="7.8740157480314" />
    <line layer="TOP_SILKSCREEN" originx="270.66929133858" originy="-125.9842519685" endx="-270.66929133858" endy="-125.9842519685" width="7.8740157480314" />
    <line layer="TOP_SILKSCREEN" originx="-270.66929133858" originy="-125.9842519685" endx="-270.66929133858" endy="125.9842519685" width="7.8740157480314" />
    <line layer="TOP_SILKSCREEN" originx="-357.28346456692" originy="101.57480314961" endx="-284.44881889763" endy="101.57480314961" width="7.8740157480314" />
  </footprint>
  <symbol name="AMC1400DWLR" originx="0" originy="0">
    <line originx="200" originy="100" endx="900" endy="100" width="0" />
    <line originx="900" originy="-400" endx="900" endy="100" width="0" />
    <line originx="900" originy="-400" endx="200" endy="-400" width="0" />
    <line originx="200" originy="100" endx="200" endy="-400" width="0" />
    <sympin number="1" originx="200" originy="0" rotation="180" length="100" width="7.8740157480315" flipped="False">
      <text name="pinname" originx="230" originy="0" style="Default" rotation="0" justify="left" flipped="False" hidden="False" data="VDD1" />
      <text name="pindes" originx="140" originy="20" style="Default" rotation="0" justify="lowerright" flipped="False" hidden="False" data="1" />
    </sympin>
    <sympin number="2" originx="200" originy="-100" rotation="180" length="100" width="7.8740157480315" flipped="False">
      <text name="pinname" originx="230" originy="-100" style="Default" rotation="0" justify="left" flipped="False" hidden="False" data="INP" />
      <text name="pindes" originx="140" originy="-80" style="Default" rotation="0" justify="lowerright" flipped="False" hidden="False" data="2" />
    </sympin>
    <sympin number="3" originx="200" originy="-200" rotation="180" length="100" width="7.8740157480315" flipped="False">
      <text name="pinname" originx="230" originy="-200" style="Default" rotation="0" justify="left" flipped="False" hidden="False" data="INN" />
      <text name="pindes" originx="140" originy="-180" style="Default" rotation="0" justify="lowerright" flipped="False" hidden="False" data="3" />
    </sympin>
    <sympin number="4" originx="200" originy="-300" rotation="180" length="100" width="7.8740157480315" flipped="False">
      <text name="pinname" originx="230" originy="-300" style="Default" rotation="0" justify="left" flipped="False" hidden="False" data="GND1" />
      <text name="pindes" originx="140" originy="-280" style="Default" rotation="0" justify="lowerright" flipped="False" hidden="False" data="4" />
    </sympin>
    <sympin number="8" originx="900" originy="0" rotation="0" length="100" width="7.8740157480315" flipped="False">
      <text name="pinname" originx="870" originy="0" style="Default" rotation="0" justify="right" flipped="False" hidden="False" data="VDD2" />
      <text name="pindes" originx="960" originy="20" style="Default" rotation="0" justify="lowerleft" flipped="False" hidden="False" data="8" />
    </sympin>
    <sympin number="7" originx="900" originy="-100" rotation="0" length="100" width="7.8740157480315" flipped="False">
      <text name="pinname" originx="870" originy="-100" style="Default" rotation="0" justify="right" flipped="False" hidden="False" data="OUTP" />
      <text name="pindes" originx="960" originy="-80" style="Default" rotation="0" justify="lowerleft" flipped="False" hidden="False" data="7" />
    </sympin>
    <sympin number="6" originx="900" originy="-200" rotation="0" length="100" width="7.8740157480315" flipped="False">
      <text name="pinname" originx="870" originy="-200" style="Default" rotation="0" justify="right" flipped="False" hidden="False" data="OUTN" />
      <text name="pindes" originx="960" originy="-180" style="Default" rotation="0" justify="lowerleft" flipped="False" hidden="False" data="6" />
    </sympin>
    <sympin number="5" originx="900" originy="-300" rotation="0" length="100" width="7.8740157480315" flipped="False">
      <text name="pinname" originx="870" originy="-300" style="Default" rotation="0" justify="right" flipped="False" hidden="False" data="GND2" />
      <text name="pindes" originx="960" originy="-280" style="Default" rotation="0" justify="lowerleft" flipped="False" hidden="False" data="5" />
    </sympin>
  </symbol>
  <component name="AMC1400DWLR" designatorprefix="IC" height="158.81889763779" footprint="SOIC127P1725X403-8N">
    <comppin designator="1" sympin="1" pinswap="0" gateswap="0" gate="1" group="1" side="" type="Any" name="VDD1" />
    <comppin designator="2" sympin="2" pinswap="0" gateswap="0" gate="1" group="1" side="" type="Any" name="INP" />
    <comppin designator="3" sympin="3" pinswap="0" gateswap="0" gate="1" group="1" side="" type="Any" name="INN" />
    <comppin designator="4" sympin="4" pinswap="0" gateswap="0" gate="1" group="1" side="" type="Any" name="GND1" />
    <comppin designator="5" sympin="5" pinswap="0" gateswap="0" gate="1" group="1" side="" type="Any" name="GND2" />
    <comppin designator="6" sympin="6" pinswap="0" gateswap="0" gate="1" group="1" side="" type="Any" name="OUTN" />
    <comppin designator="7" sympin="7" pinswap="0" gateswap="0" gate="1" group="1" side="" type="Any" name="OUTP" />
    <comppin designator="8" sympin="8" pinswap="0" gateswap="0" gate="1" group="1" side="" type="Any" name="VDD2" />
    <attached_symbol gate="1" name="AMC1400DWLR" />
    <pinmap designator="1" footprintpin="1" />
    <pinmap designator="2" footprintpin="2" />
    <pinmap designator="3" footprintpin="3" />
    <pinmap designator="4" footprintpin="4" />
    <pinmap designator="5" footprintpin="5" />
    <pinmap designator="6" footprintpin="6" />
    <pinmap designator="7" footprintpin="7" />
    <pinmap designator="8" footprintpin="8" />
    <text name="Datasheet" originx="0" originy="0" style="Default" rotation="0" justify="" flipped="False" hidden="True" data="https://www.ti.com/lit/ds/symlink/amc1400.pdf?ts=1669183477310&amp;ref_url=https%3A%2F%2Fwww.ti.com%2Fproduct%2FAMC1400" />
    <text name="Description" originx="0" originy="0" style="Default" rotation="0" justify="" flipped="False" hidden="True" data="Isolation Amplifiers +/-250-mV input, precision, voltage-sensing, reinforced isolated amplifier with high CMTI" />
    <text name="Manufacturer_Name" originx="0" originy="0" style="Default" rotation="0" justify="" flipped="False" hidden="True" data="Texas Instruments" />
    <text name="Manufacturer_Part_Number" originx="950" originy="200" style="Default" rotation="0" justify="left" flipped="False" hidden="False" data="AMC1400DWLR" />
    <text name="Mouser Part Number" originx="0" originy="0" style="Default" rotation="0" justify="" flipped="False" hidden="True" data="595-AMC1400DWLR" />
    <text name="Mouser Price/Stock" originx="0" originy="0" style="Default" rotation="0" justify="" flipped="False" hidden="True" data="https://www.mouser.co.uk/ProductDetail/Texas-Instruments/AMC1400DWLR?qs=IPgv5n7u5QaY6FQELZtQIA%3D%3D" />
    <text name="Arrow Part Number" originx="0" originy="0" style="Default" rotation="0" justify="" flipped="False" hidden="True" data="" />
    <text name="Arrow Price/Stock" originx="0" originy="0" style="Default" rotation="0" justify="" flipped="False" hidden="True" data="" />
  </component>
</quadcept_library>
