﻿Designator,Footprint,Quantity,Value,LCSC Part #
C1,CP_Radial_D6.3mm_P2.50mm,1,330uF,
"C10, C11, C12, C13, C14, C15, C16, C17, C18, C19, C23, C24, C25, C26, C27, C28, C29, C30, C31, C38, C39, C4, C40, C48, C49, C5, C50, C51, C52, C6, C66, C74, C75, C9",0805,34,0.1uF,
"C2, C3, C42, C45, C54, C57, C60, C62, C70, C73, C77, C79, C80, C81, C83, C84",0805,16,1uF,
"C20, C21, C22, C8, C85, C86",CP_Elec_6.3x5.4_Nichicon,6,330µF,
"C32, C33, C34, C35, C36, C37, C44, C46",0805,8,64pF,
C41,CP_Radial_D6.3mm_P2.50mm,1,47uF,
"C43, C58, C64, C65",0805,4,128pF,
"C53, C59, C69",0805,3,0.1nF,
"C55, C56, C61, C63, C71, C72",0805,6,100uF,
C7,0805,1,10nF,
"D1, D2, D3, D4, D5",LEDC1608X80N,5,LED,
"H1, H2",MountingHole_5.3mm_M5_DIN965_Pad,2,Réf_MCU,
"H3, H4",MountingHole_5.3mm_M5_DIN965_Pad,2,Réf_DRV,
"IC1, IC2, IC3",SOIC127P1725X403-8N,3,AMC1400QDWLRQ1,
"IC4, IC5, IC6",SOIC127P1150X280-8N,3,AMC1350DWVR,
J1,BarrelJack_Wuerth_6941xx301002,1,Alim Circuit de puissance.,
J2,SHDRRA2W100P0X508_1X2_1016X1200X850P,1,VBUS : (100VDC MAX).,
J3,SHDRRA3W100P0X508_1X3_1524X1200X850P,1,691312510003,
J4,PinHeader_1x02_P2.54mm_Vertical,1,Alim_Ventilo,
J5,TerminalBlock_bornier-4_P5.08mm,1,La sortie,
J6,TerminalBlock_bornier-3_P5.08mm,1,Entrée mesure tension,
J9,PinHeader_2x11_P2.54mm_Vertical,1,MCu,
"L4, L5, L6, L8",0805,4,10uH,
"Q2, Q3, Q4, Q5",SOT-23,4,2n7002,
R1,0805,1,3R3,
"R10, R11, R13, R14, R16, R17, R2",0805,7,10R,
"R12, R59, R9",2512,3,20mR,
"R15, R45",0805,2,1mR,
"R18, R20, R21, R24, R25, R28, R29, R33, R34, R36, R37, R39, R40, R7, R8",0805,15,10k,
"R19, R22, R23, R26, R27, R30, R51, RSNS1, RSNS2, RSNS3",0805,10,15K,
"R3, R49",0805,2,16K5,
R31,0805,1,500R,
R32,0805,1,4K7,
"R35, R38, R43, R48",0805,4,8K25,
"R4, R53, R54, R6",0805,4,25R,
"R41, R42, R46, R47",0805,4,400K,
R44,0805,1,280R,
"R5, R52, R55, R56",0805,4,R,
R50,0805,1,270K,
"R57, R58",0805,2,300K,
ROC_ADJ1,0805,1,30K,
U1,SOP65P1420X360-36N,1,DRV8332DKDR,
"U10, U16",SSOP-16_3.9x4.9mm_P0.635mm,2,ISO7763FDBQ,
"U11, U12, U13, U14",Converter_DCDC_Murata_CRE1xxxxxxSC_THT,4,CRE1S1205SC,
"U15, U2",SOT-23,2,LM3480-3.3,
U19,TSOT-23-5_HandSoldering,1,Voltage_Rerference,
U3,TO-252-3_TabPin2,1,LM78M05_TO252,
"U4, U5, U6, U7, U8, U9",SOT-353_SC-70-5,6,tlv9001DCK,
