<?xml version="1.0" encoding="utf-8"?>
<!--/446441/1029406/2.50/2/2/Connector/-->
<quadcept_library>
  <setting unit="mil" />
  <textstyle name="Default" height="47.244094488189" strokewidth="7.8740157480315" charwidth="47.244094488189" />
  <textstyle name="Dimension" height="19.6850393700787" strokewidth="0" charwidth="19.6850393700787" />
  <textstyle name="H127W0635TH00762" height="50" strokewidth="3" charwidth="25" />
  <textstyle name="H15W15TH02" height="59.0551181102362" strokewidth="7.8740157480315" charwidth="59.0551181102362" />
  <padstyle name="c195_h130" surface="False" plated="True" isvia="False" nopaste="True" nomask="True" complex="False" holesize="51.181102362204">
    <padshape layer="TOP" shape="round" width="76.771653543306" height="76.771653543306" />
    <padshape layer="TOP_SOLDER_MASK" shape="round" width="84.645669291338" height="84.645669291338" />
    <padshape layer="INNER" shape="round" width="76.771653543306" height="76.771653543306" />
    <padshape layer="BOTTOM" shape="round" width="76.771653543306" height="76.771653543306" />
    <padshape layer="BOTTOM_SOLDER_MASK" shape="round" width="84.645669291338" height="84.645669291338" />
  </padstyle>
  <padstyle name="c80_h160" surface="False" plated="True" isvia="False" nopaste="True" nomask="True" complex="False" holesize="62.992125984251">
    <padshape layer="TOP" shape="round" width="31.496062992126" height="31.496062992126" />
    <padshape layer="TOP_SOLDER_MASK" shape="round" width="39.370078740157" height="39.370078740157" />
    <padshape layer="INNER" shape="round" width="31.496062992126" height="31.496062992126" />
    <padshape layer="BOTTOM" shape="round" width="31.496062992126" height="31.496062992126" />
    <padshape layer="BOTTOM_SOLDER_MASK" shape="round" width="39.370078740157" height="39.370078740157" />
  </padstyle>
  <footprint name="1710072" originx="0" originy="0" pickpointx="0" pickpointy="0">
    <pcbpin number="1" name="1" style="c195_h130" originx="-187.40157480315" originy="64.960629921259" rotation="90" />
    <pcbpin number="2" name="2" style="c195_h130" originx="187.40157480315" originy="64.960629921259" rotation="90" />
    <pcbpin number="3" name="3" style="c80_h160" originx="0" originy="206.69291338582" rotation="90" />
    <pcbpin number="4" name="4" style="c80_h160" originx="0" originy="-206.69291338582" rotation="90" />
    <line layer="TOP_ASSEMBLY" originx="-374.80314960629" originy="246.06299212598" endx="374.80314960629" endy="246.06299212598" width="7.8740157480314" />
    <line layer="TOP_ASSEMBLY" originx="374.80314960629" originy="246.06299212598" endx="374.80314960629" endy="-246.06299212598" width="7.8740157480314" />
    <line layer="TOP_ASSEMBLY" originx="374.80314960629" originy="-246.06299212598" endx="-374.80314960629" endy="-246.06299212598" width="7.8740157480314" />
    <line layer="TOP_ASSEMBLY" originx="-374.80314960629" originy="-246.06299212598" endx="-374.80314960629" endy="246.06299212598" width="7.8740157480314" />
    <line layer="TOP_SILKSCREEN" originx="-374.80314960629" originy="246.06299212598" endx="374.80314960629" endy="246.06299212598" width="3.9370078740157" />
    <line layer="TOP_SILKSCREEN" originx="374.80314960629" originy="246.06299212598" endx="374.80314960629" endy="-246.06299212598" width="3.9370078740157" />
    <line layer="TOP_SILKSCREEN" originx="374.80314960629" originy="-246.06299212598" endx="-374.80314960629" endy="-246.06299212598" width="3.9370078740157" />
    <line layer="TOP_SILKSCREEN" originx="-374.80314960629" originy="-246.06299212598" endx="-374.80314960629" endy="246.06299212598" width="3.9370078740157" />
    <line layer="TOP_PLACE_BOUND" originx="-414.17322834645" originy="285.43307086614" endx="414.17322834645" endy="285.43307086614" width="3.9370078740157" />
    <line layer="TOP_PLACE_BOUND" originx="414.17322834645" originy="285.43307086614" endx="414.17322834645" endy="-285.43307086614" width="3.9370078740157" />
    <line layer="TOP_PLACE_BOUND" originx="414.17322834645" originy="-285.43307086614" endx="-414.17322834645" endy="-285.43307086614" width="3.9370078740157" />
    <line layer="TOP_PLACE_BOUND" originx="-414.17322834645" originy="-285.43307086614" endx="-414.17322834645" endy="285.43307086614" width="3.9370078740157" />
  </footprint>
  <symbol name="1710072" originx="0" originy="0">
    <line originx="200" originy="100" endx="600" endy="100" width="0" />
    <line originx="600" originy="-200" endx="600" endy="100" width="0" />
    <line originx="600" originy="-200" endx="200" endy="-200" width="0" />
    <line originx="200" originy="100" endx="200" endy="-200" width="0" />
    <sympin number="1" originx="200" originy="0" rotation="180" length="100" width="7.8740157480315" flipped="False">
      <text name="pinname" originx="230" originy="0" style="Default" rotation="0" justify="left" flipped="False" hidden="False" data="1" />
      <text name="pindes" originx="140" originy="20" style="Default" rotation="0" justify="lowerright" flipped="False" hidden="False" data="1" />
    </sympin>
    <sympin number="2" originx="200" originy="-100" rotation="180" length="100" width="7.8740157480315" flipped="False">
      <text name="pinname" originx="230" originy="-100" style="Default" rotation="0" justify="left" flipped="False" hidden="False" data="2" />
      <text name="pindes" originx="140" originy="-80" style="Default" rotation="0" justify="lowerright" flipped="False" hidden="False" data="2" />
    </sympin>
  </symbol>
  <component name="1710072" designatorprefix="J" height="826.7716535433" footprint="1710072">
    <comppin designator="1" sympin="1" pinswap="0" gateswap="0" gate="1" group="1" side="" type="Any" name="1" />
    <comppin designator="2" sympin="2" pinswap="0" gateswap="0" gate="1" group="1" side="" type="Any" name="2" />
    <attached_symbol gate="1" name="1710072" />
    <pinmap designator="1" footprintpin="1" />
    <pinmap designator="2" footprintpin="2" />
    <text name="Datasheet" originx="0" originy="0" style="Default" rotation="0" justify="" flipped="False" hidden="True" data="https://datasheet.datasheetarchive.com/originals/distributors/Datasheets-DGA18/1075707.pdf" />
    <text name="Description" originx="0" originy="0" style="Default" rotation="0" justify="" flipped="False" hidden="True" data="MKDSV 5/2-9,5 2way 9.52mm Terminal Block" />
    <text name="Manufacturer_Name" originx="0" originy="0" style="Default" rotation="0" justify="" flipped="False" hidden="True" data="Phoenix Contact" />
    <text name="Manufacturer_Part_Number" originx="650" originy="200" style="Default" rotation="0" justify="left" flipped="False" hidden="False" data="1710072" />
    <text name="Mouser Part Number" originx="0" originy="0" style="Default" rotation="0" justify="" flipped="False" hidden="True" data="651-1710072" />
    <text name="Mouser Price/Stock" originx="0" originy="0" style="Default" rotation="0" justify="" flipped="False" hidden="True" data="https://www.mouser.co.uk/ProductDetail/Phoenix-Contact/1710072?qs=4%252B1n7qLHx1IGjFN6BLruzQ%3D%3D" />
    <text name="Arrow Part Number" originx="0" originy="0" style="Default" rotation="0" justify="" flipped="False" hidden="True" data="1710072" />
    <text name="Arrow Price/Stock" originx="0" originy="0" style="Default" rotation="0" justify="" flipped="False" hidden="True" data="https://www.arrow.com/en/products/1710072/phoenix-contact" />
  </component>
</quadcept_library>
